<?xml version="1.0" encoding="UTF-8"?>
<!DOCTYPE tiles-definitions PUBLIC "-//Apache
Software Foundation//DTD Tiles Configuration 3.0//EN"
"http://tiles.apache.org/dtds/tiles-config_3_0.dtd">
<tiles-definitions>
    <definition name="baseLayout"
                template="/WEB-INF/layout/base.jsp">
        <put-attribute name="title" value="Welcome" />
        <put-attribute name="header"
                       value="/WEB-INF/layout/header.jsp" />
        <put-attribute name="content" value="/WEB-INF/jsp/index.jsp" />
        <put-attribute name="footer"
                       value="/WEB-INF/layout/footer.jsp" />
    </definition>
    <definition name="baseAdminLayout"
                template="/WEB-INF/layout/baseadmin.jsp">
        <put-attribute name="header"
                       value="/WEB-INF/layout/headeradmin.jsp" />
        <put-attribute name="title" value="Welcome" />
        <put-attribute name="left"
                       value="/WEB-INF/layout/leftadmin.jsp" />
    </definition>
    <definition name="baseLayout2"
                template="/WEB-INF/layout/base2.jsp">
        <put-attribute name="title" value="Welcome" />
        <put-attribute name="header"
                       value="/WEB-INF/layout/header2.jsp" />
        <put-attribute name="footer"
                       value="/WEB-INF/layout/footer2.jsp" />
    </definition>
    <definition name="index" extends="baseLayout">
        <put-attribute name="title" value="Trang chủ" />
        <put-attribute name="content"
                       value="/WEB-INF/jsp/index.jsp" />
    </definition>
    <definition name="route-trip" extends="baseLayout">
        <put-attribute name="title" value="Tuyến" />
        <put-attribute name="content"
                       value="/WEB-INF/jsp/route.jsp" />
    </definition>
        <definition name="edit-profile" extends="baseLayout">
        <put-attribute name="title" value="Thông tin cá nhân" />
        <put-attribute name="content"
                       value="/WEB-INF/jsp/edit-profile.jsp" />
    </definition>
    <definition name="ticket-trip" extends="baseLayout">
        <put-attribute name="title" value="Mua vé" />
        <put-attribute name="content"
                       value="/WEB-INF/jsp/ticket.jsp" />
    </definition>
    <definition name="orderticket" extends="baseLayout">
        <put-attribute name="title" value="Mua vé" />
        <put-attribute name="content"
                       value="/WEB-INF/jsp/order-ticket.jsp" />
    </definition>
    <definition name="signup" extends="baseLayout">
        <put-attribute name="title" value="Đăng ký" />
        <put-attribute name="content"
                       value="/WEB-INF/jsp/signup.jsp" />
    </definition>
    <definition name="signin" extends="baseLayout">
        <put-attribute name="title" value="Đăng nhập" />
        <put-attribute name="content"
                       value="/WEB-INF/jsp/signin.jsp" />
    </definition>
    <definition name="admin" extends="baseAdminLayout">
        <put-attribute name="title" value="Quản lý" />
        <put-attribute name="content"
                       value="/WEB-INF/jsp/admin.jsp" />
    </definition>
    <definition name="stats-trip" extends="baseAdminLayout">
        <put-attribute name="title" value="Quản lý" />
        <put-attribute name="content"
                       value="/WEB-INF/jsp/stats-Trip.jsp" />
    </definition>
        <definition name="add-route" extends="baseAdminLayout">
        <put-attribute name="title" value="Thêm chuyến" />
        <put-attribute name="content"
                       value="/WEB-INF/jsp/add-route.jsp" />
    </definition>
     <definition name="add-driver" extends="baseAdminLayout">
        <put-attribute name="title" value="Thêm tài xế" />
        <put-attribute name="content"
                       value="/WEB-INF/jsp/add-driver.jsp" />
    </definition>
         <definition name="add-employ" extends="baseAdminLayout">
        <put-attribute name="title" value="Thêm nhân viên" />
        <put-attribute name="content"
                       value="/WEB-INF/jsp/add-employ.jsp" />
    </definition>
         <definition name="pass-stats" extends="baseAdminLayout">
        <put-attribute name="title" value="Thêm chuyến" />
        <put-attribute name="content"
                       value="/WEB-INF/jsp/passengercarStats.jsp" />
    </definition>
        <definition name="add-trip" extends="baseAdminLayout">
        <put-attribute name="title" value="Thêm tuyến" />
        <put-attribute name="content"
                       value="/WEB-INF/jsp/add-trip.jsp" />
    </definition>
      <definition name="trips-state" extends="baseAdminLayout">
        <put-attribute name="title" value="Toàn bộ chuyến" />
        <put-attribute name="content"
                       value="/WEB-INF/jsp/statsTrips.jsp" />
    </definition>
        <definition name="edit-routes" extends="baseAdminLayout">
        <put-attribute name="title" value="Sửa chuyến" />
        <put-attribute name="content"
                       value="/WEB-INF/jsp/edit-route.jsp" />
    </definition>
      <definition name="edit-trips" extends="baseAdminLayout">
        <put-attribute name="title" value="Sửa chuyến" />
        <put-attribute name="content"
                       value="/WEB-INF/jsp/edit-trip.jsp" />
    </definition>
    <definition name="user" extends="baseAdminLayout">
        <put-attribute name="title" value="Quản lý người dùng" />
        <put-attribute name="content"
                       value="/WEB-INF/jsp/stats-user.jsp" />
    </definition>
        <definition name="edit-user" extends="baseAdminLayout">
        <put-attribute name="title" value="Sửa thông tin người dùng" />
        <put-attribute name="content"
                       value="/WEB-INF/jsp/edit-user.jsp" />
        </definition> 
         <definition name="add-pass" extends="baseAdminLayout">
        <put-attribute name="title" value="Thêm tài xế cho chuyến" />
        <put-attribute name="content"
                       value="/WEB-INF/jsp/add-pass.jsp" />
        </definition>  
          <definition name="edit-pass" extends="baseAdminLayout">
        <put-attribute name="title" value="Sửa thông tin người dùng" />
        <put-attribute name="content"
                       value="/WEB-INF/jsp/edit-pass.jsp" />
        </definition>                
    <definition name="buyticket" extends="baseLayout2">
        <put-attribute name="title" value="Đặt vé" />
        <put-attribute name="content"
                       value="/WEB-INF/jsp/buyticket.jsp" />
    </definition>
    <definition name="buyform" extends="baseLayout2">
        <put-attribute name="title" value="Đặt vé" />
        <put-attribute name="content"
                       value="/WEB-INF/jsp/buyform.jsp" />
    </definition>
    <definition name="buyconfirm" extends="baseLayout2">
        <put-attribute name="title" value="Xác nhận" />
        <put-attribute name="content"
                       value="/WEB-INF/jsp/buyconfirm.jsp" />
    </definition>
    
    <definition name="order-detail" extends="baseLayout2">
        <put-attribute name="title" value="Hóa đơn" />
        <put-attribute name="content"
                       value="/WEB-INF/jsp/order-detail.jsp" />

    </definition>
    <definition name="history" extends="baseLayout2">
        <put-attribute name="title" value="Lịch sử thanh toán" />
        <put-attribute name="content"
                       value="/WEB-INF/jsp/history.jsp" />
    </definition>
    <definition name="history-detail" extends="baseLayout2">
        <put-attribute name="title" value="Lịch sử thanh toán" />
        <put-attribute name="content"
                       value="/WEB-INF/jsp/history-detail.jsp" />
    </definition>
    <definition name="order-success" extends="baseLayout2">
        <put-attribute name="title" value="Thành công" />
        <put-attribute name="content"
                       value="/WEB-INF/jsp/order-success.jsp" />
    </definition>
</tiles-definitions>
